customer_reference,account_num,bank_code,amount,currency,transaction_date,recurring_type,frequency_value,start_date,user,csv
CUST0001,ACC100001,BANK186,4865.59,MYR,2025-01-02,WEEKLY,2,2025-01-07,bank_admin,batch_upload_invalid_test
CUST0002,ACC100002,BANK805,152.94,MYR,2025-01-03,MONTHLY,6,2025-01-08,bank_admin,batch_upload_invalid_test
CUST0003,ACC100003,BANK868,3376.14,MYR,2025-01-04,MONTHLY,3,2025-01-09,bank_admin,batch_upload_invalid_test
CUST0004,ACC100004,BANK585,1909.59,MYR,2025-01-05,WEEKLY,1,2025-01-10,bank_admin,batch_upload_invalid_test
CUST0005,ACC100005,BANK278,1769.98,MYR,2025-01-06,WEEKLY,1,2025-01-11,bank_admin,batch_upload_invalid_test
CUST0006,ACC100006,BANK440,4513.7,MYR,2025-01-07,YEARLY,6,2025-01-12,bank_admin,batch_upload_invalid_test
CUST0007,ACC100007,BANK663,2016.32,MYR,2025-01-08,MONTHLY,12,2025-01-13,bank_admin,batch_upload_invalid_test
CUST0008,ACC100008,BANK912,4227.73,MYR,2025-01-09,YEARLY,1,2025-01-14,bank_admin,batch_upload_invalid_test
CUST0009,ACC100009,BANK157,4416.14,MYR,2025-01-10,YEARLY,12,2025-01-15,bank_admin,batch_upload_invalid_test
CUST0010,ACC100010,BANK351,456.52,MYR,2025-01-11,WEEKLY,6,2025-01-16,bank_admin,batch_upload_invalid_test
CUST0011,ACC100011,BANK981,2044.9,MYR,2025-01-12,MONTHLY,12,2025-01-17,bank_admin,batch_upload_invalid_test
CUST0012,ACC100012,BANK202,2730.31,MYR,2025-01-13,WEEKLY,6,2025-01-18,bank_admin,batch_upload_invalid_test
CUST0013,ACC100013,BANK516,1016.09,MYR,2025-01-14,YEARLY,1,2025-01-19,bank_admin,batch_upload_invalid_test
CUST0014,ACC100014,BANK238,1134.97,MYR,2025-01-15,MONTHLY,12,2025-01-20,bank_admin,batch_upload_invalid_test
CUST0015,ACC100015,BANK730,1183.87,MYR,2025-01-16,MONTHLY,12,2025-01-21,bank_admin,batch_upload_invalid_test
CUST0016,ACC100016,BANK204,4124.23,MYR,2025-01-17,MONTHLY,2,2025-01-22,bank_admin,batch_upload_invalid_test
CUST0017,ACC100017,BANK256,1015.43,MYR,2025-01-18,YEARLY,3,2025-01-23,bank_admin,batch_upload_invalid_test
CUST0018,ACC100018,BANK885,4385.81,MYR,2025-01-19,WEEKLY,3,2025-01-24,bank_admin,batch_upload_invalid_test
CUST0019,ACC100019,BANK187,1763.33,MYR,2025-01-20,YEARLY,1,2025-01-25,bank_admin,batch_upload_invalid_test
CUST0020,ACC100020,BANK428,4039.34,MYR,2025-01-21,YEARLY,1,2025-01-26,bank_admin,batch_upload_invalid_test
CUST0021,ACC100021,BANK263,3290.63,MYR,2025-01-22,WEEKLY,12,2025-01-27,bank_admin,batch_upload_invalid_test
CUST0022,ACC100022,BANK940,4490.45,MYR,2025-01-23,WEEKLY,3,2025-01-28,bank_admin,batch_upload_invalid_test
CUST0023,ACC100023,BANK183,3074.5,MYR,2025-01-24,WEEKLY,3,2025-01-29,bank_admin,batch_upload_invalid_test
CUST0024,ACC100024,BANK385,909.85,MYR,2025-01-25,YEARLY,1,2025-01-30,bank_admin,batch_upload_invalid_test
CUST0025,ACC100025,,,MYR,2025-01-26,WEEKLY,12,2025-01-31,bank_admin,batch_upload_invalid_test
CUST0026,ACC100026,BANK805,3501.83,MYR,2025-01-27,YEARLY,3,2025-02-01,bank_admin,batch_upload_invalid_test
CUST0027,ACC100027,BANK143,215.75,MYR,2025-01-28,MONTHLY,12,2025-02-02,bank_admin,batch_upload_invalid_test
CUST0028,ACC100028,BANK305,4857.02,MYR,2025-01-29,MONTHLY,1,2025-02-03,bank_admin,batch_upload_invalid_test
CUST0029,ACC100029,BANK757,887.07,MYR,2025-01-30,MONTHLY,2,2025-02-04,bank_admin,batch_upload_invalid_test
CUST0030,ACC100030,BANK567,1571.32,MYR,2025-01-01,YEARLY,1,2025-01-06,bank_admin,batch_upload_invalid_test
CUST0031,ACC100031,BANK689,2872.29,MYR,2025-01-02,YEARLY,3,2025-01-07,bank_admin,batch_upload_invalid_test
CUST0032,ACC100032,BANK660,726.63,MYR,2025-01-03,MONTHLY,6,2025-01-08,bank_admin,batch_upload_invalid_test
CUST0033,ACC100033,BANK463,2286.42,MYR,2025-01-04,WEEKLY,12,2025-01-09,bank_admin,batch_upload_invalid_test
CUST0034,ACC100034,BANK385,4400.94,MYR,2025-01-05,MONTHLY,3,2025-01-10,bank_admin,batch_upload_invalid_test
CUST0035,ACC100035,BANK409,4110.55,MYR,2025-01-06,MONTHLY,1,2025-01-11,bank_admin,batch_upload_invalid_test
CUST0036,ACC100036,BANK561,3344.18,MYR,2025-01-07,MONTHLY,6,2025-01-12,bank_admin,batch_upload_invalid_test
CUST0037,ACC100037,BANK901,2254.07,MYR,2025-01-08,YEARLY,1,2025-01-13,bank_admin,batch_upload_invalid_test
CUST0038,ACC100038,BANK481,1765.77,MYR,2025-01-09,WEEKLY,3,2025-01-14,bank_admin,batch_upload_invalid_test
CUST0039,ACC100039,BANK645,3665.76,MYR,2025-01-10,YEARLY,3,2025-01-15,bank_admin,batch_upload_invalid_test
CUST0040,ACC100040,BANK815,,MYR,2025-01-11,MONTHLY,1,2025-01-16,bank_admin,batch_upload_invalid_test
CUST0041,ACC100041,BANK182,892.66,MYR,2025-01-12,MONTHLY,1,2025-01-17,bank_admin,batch_upload_invalid_test
CUST0042,ACC100042,BANK688,946.97,MYR,2025-01-13,MONTHLY,12,2025-01-18,bank_admin,batch_upload_invalid_test
CUST0043,ACC100043,BANK918,4684.43,MYR,2025-01-14,WEEKLY,1,2025-01-19,bank_admin,batch_upload_invalid_test
CUST0044,ACC100044,BANK287,2955.25,MYR,2025-01-15,YEARLY,6,2025-01-20,bank_admin,batch_upload_invalid_test
CUST0045,ACC100045,BANK561,3163.49,MYR,2025-01-16,WEEKLY,2,2025-01-21,bank_admin,batch_upload_invalid_test
CUST0046,ACC100046,BANK974,4533.97,MYR,2025-01-17,WEEKLY,12,2025-01-22,bank_admin,batch_upload_invalid_test
CUST0047,ACC100047,BANK524,1204.83,MYR,2025-01-18,YEARLY,12,2025-01-23,bank_admin,batch_upload_invalid_test
CUST0048,ACC100048,BANK587,3536.36,MYR,2025-01-19,MONTHLY,12,2025-01-24,bank_admin,batch_upload_invalid_test
CUST0049,ACC100049,BANK417,3183.92,MYR,2025-01-20,WEEKLY,2,2025-01-25,bank_admin,batch_upload_invalid_test
CUST0050,ACC100050,,,MYR,2025-01-21,WEEKLY,3,2025-01-26,bank_admin,batch_upload_invalid_test
CUST0051,ACC100051,BANK752,2229.36,MYR,2025-01-22,WEEKLY,6,2025-01-27,bank_admin,batch_upload_invalid_test
CUST0052,ACC100052,BANK634,2417.53,MYR,2025-01-23,MONTHLY,6,2025-01-28,bank_admin,batch_upload_invalid_test
CUST0053,ACC100053,BANK385,2655.51,MYR,2025-01-24,YEARLY,2,2025-01-29,bank_admin,batch_upload_invalid_test
CUST0054,ACC100054,BANK706,2367.26,MYR,2025-01-25,WEEKLY,3,2025-01-30,bank_admin,batch_upload_invalid_test
CUST0055,ACC100055,BANK587,1631.17,MYR,2025-01-26,YEARLY,2,2025-01-31,bank_admin,batch_upload_invalid_test
CUST0056,ACC100056,BANK243,2818.88,MYR,2025-01-27,MONTHLY,6,2025-02-01,bank_admin,batch_upload_invalid_test
CUST0057,ACC100057,BANK800,3440.28,MYR,2025-01-28,MONTHLY,12,2025-02-02,bank_admin,batch_upload_invalid_test
CUST0058,ACC100058,BANK221,700.16,MYR,2025-01-29,MONTHLY,2,2025-02-03,bank_admin,batch_upload_invalid_test
CUST0059,ACC100059,BANK413,2981.19,MYR,2025-01-30,MONTHLY,1,2025-02-04,bank_admin,batch_upload_invalid_test
CUST0060,ACC100060,BANK725,4203.53,MYR,2025-01-01,YEARLY,12,2025-01-06,bank_admin,batch_upload_invalid_test
CUST0061,ACC100061,BANK159,270.05,MYR,2025-01-02,YEARLY,12,2025-01-07,bank_admin,batch_upload_invalid_test
CUST0062,ACC100062,BANK783,1470.52,MYR,2025-01-03,WEEKLY,1,2025-01-08,bank_admin,batch_upload_invalid_test
CUST0063,ACC100063,BANK818,4789.28,MYR,2025-01-04,YEARLY,6,2025-01-09,bank_admin,batch_upload_invalid_test
CUST0064,ACC100064,BANK897,2968.56,MYR,2025-01-05,WEEKLY,6,2025-01-10,bank_admin,batch_upload_invalid_test
CUST0065,ACC100065,BANK235,2619.33,MYR,2025-01-06,WEEKLY,3,2025-01-11,bank_admin,batch_upload_invalid_test
CUST0066,ACC100066,BANK512,4097.53,MYR,2025-01-07,WEEKLY,3,2025-01-12,bank_admin,batch_upload_invalid_test
CUST0067,ACC100067,BANK985,2404.17,MYR,2025-01-08,WEEKLY,12,2025-01-13,bank_admin,batch_upload_invalid_test
CUST0068,ACC100068,BANK162,4463.74,MYR,2025-01-09,WEEKLY,1,2025-01-14,bank_admin,batch_upload_invalid_test
CUST0069,ACC100069,BANK890,4949.81,MYR,2025-01-10,WEEKLY,1,2025-01-15,bank_admin,batch_upload_invalid_test
CUST0070,ACC100070,BANK898,3791.07,MYR,2025-01-11,MONTHLY,3,2025-01-16,bank_admin,batch_upload_invalid_test
CUST0071,ACC100071,BANK215,4301.52,MYR,2025-01-12,MONTHLY,2,2025-01-17,bank_admin,batch_upload_invalid_test
CUST0072,ACC100072,BANK367,4821.06,MYR,2025-01-13,WEEKLY,12,2025-01-18,bank_admin,batch_upload_invalid_test
CUST0073,ACC100073,BANK807,259.53,MYR,2025-01-14,MONTHLY,1,2025-01-19,bank_admin,batch_upload_invalid_test
CUST0074,ACC100074,BANK258,154.97,MYR,2025-01-15,YEARLY,6,2025-01-20,bank_admin,batch_upload_invalid_test
CUST0075,ACC100075,,,MYR,2025-01-16,YEARLY,6,2025-01-21,bank_admin,batch_upload_invalid_test
CUST0076,ACC100076,BANK394,2897.22,MYR,2025-01-17,WEEKLY,12,2025-01-22,bank_admin,batch_upload_invalid_test
CUST0077,ACC100077,BANK645,4955.8,MYR,2025-01-18,WEEKLY,2,2025-01-23,bank_admin,batch_upload_invalid_test
CUST0078,ACC100078,BANK704,4750.57,MYR,2025-01-19,MONTHLY,6,2025-01-24,bank_admin,batch_upload_invalid_test
CUST0079,ACC100079,BANK710,1410.09,MYR,2025-01-20,YEARLY,3,2025-01-25,bank_admin,batch_upload_invalid_test
CUST0080,ACC100080,BANK694,,MYR,2025-01-21,MONTHLY,2,2025-01-26,bank_admin,batch_upload_invalid_test
CUST0081,ACC100081,BANK871,971.53,MYR,2025-01-22,MONTHLY,2,2025-01-27,bank_admin,batch_upload_invalid_test
CUST0082,ACC100082,BANK879,3895.22,MYR,2025-01-23,YEARLY,12,2025-01-28,bank_admin,batch_upload_invalid_test
CUST0083,ACC100083,BANK331,704.31,MYR,2025-01-24,YEARLY,6,2025-01-29,bank_admin,batch_upload_invalid_test
CUST0084,ACC100084,BANK881,1567.78,MYR,2025-01-25,YEARLY,3,2025-01-30,bank_admin,batch_upload_invalid_test
CUST0085,ACC100085,BANK768,511.47,MYR,2025-01-26,WEEKLY,1,2025-01-31,bank_admin,batch_upload_invalid_test
CUST0086,ACC100086,BANK394,4618.41,MYR,2025-01-27,WEEKLY,6,2025-02-01,bank_admin,batch_upload_invalid_test
CUST0087,ACC100087,BANK607,4624.72,MYR,2025-01-28,YEARLY,1,2025-02-02,bank_admin,batch_upload_invalid_test
CUST0088,ACC100088,BANK101,3062.97,MYR,2025-01-29,MONTHLY,2,2025-02-03,bank_admin,batch_upload_invalid_test
CUST0089,ACC100089,BANK984,1560.48,MYR,2025-01-30,YEARLY,1,2025-02-04,bank_admin,batch_upload_invalid_test
CUST0090,ACC100090,BANK791,1555.44,MYR,2025-01-01,WEEKLY,1,2025-01-06,bank_admin,batch_upload_invalid_test
CUST0091,ACC100091,BANK509,1880.25,MYR,2025-01-02,MONTHLY,12,2025-01-07,bank_admin,batch_upload_invalid_test
CUST0092,ACC100092,BANK116,2825.8,MYR,2025-01-03,MONTHLY,3,2025-01-08,bank_admin,batch_upload_invalid_test
CUST0093,ACC100093,BANK996,1673.19,MYR,2025-01-04,YEARLY,12,2025-01-09,bank_admin,batch_upload_invalid_test
CUST0094,ACC100094,BANK380,4549.17,MYR,2025-01-05,YEARLY,6,2025-01-10,bank_admin,batch_upload_invalid_test
CUST0095,ACC100095,BANK696,4161.29,MYR,2025-01-06,MONTHLY,12,2025-01-11,bank_admin,batch_upload_invalid_test
CUST0096,ACC100096,BANK645,3192.97,MYR,2025-01-07,WEEKLY,2,2025-01-12,bank_admin,batch_upload_invalid_test
CUST0097,ACC100097,BANK678,2104.76,MYR,2025-01-08,MONTHLY,3,2025-01-13,bank_admin,batch_upload_invalid_test
CUST0098,ACC100098,BANK829,2076.43,MYR,2025-01-09,YEARLY,6,2025-01-14,bank_admin,batch_upload_invalid_test
CUST0099,ACC100099,BANK387,265.64,MYR,2025-01-10,MONTHLY,1,2025-01-15,bank_admin,batch_upload_invalid_test
CUST0100,ACC100100,,,MYR,2025-01-11,MONTHLY,3,2025-01-16,bank_admin,batch_upload_invalid_test
CUST0101,ACC100101,BANK443,1404.43,MYR,2025-01-12,WEEKLY,2,2025-01-17,bank_admin,batch_upload_invalid_test
CUST0102,ACC100102,BANK404,3438.29,MYR,2025-01-13,WEEKLY,6,2025-01-18,bank_admin,batch_upload_invalid_test
CUST0103,ACC100103,BANK272,1500.27,MYR,2025-01-14,YEARLY,3,2025-01-19,bank_admin,batch_upload_invalid_test
CUST0104,ACC100104,BANK249,3412.4,MYR,2025-01-15,WEEKLY,6,2025-01-20,bank_admin,batch_upload_invalid_test
CUST0105,ACC100105,BANK424,2517.59,MYR,2025-01-16,MONTHLY,3,2025-01-21,bank_admin,batch_upload_invalid_test
CUST0106,ACC100106,BANK895,4621.77,MYR,2025-01-17,MONTHLY,12,2025-01-22,bank_admin,batch_upload_invalid_test
CUST0107,ACC100107,BANK514,3733.95,MYR,2025-01-18,YEARLY,1,2025-01-23,bank_admin,batch_upload_invalid_test
CUST0108,ACC100108,BANK488,3436.19,MYR,2025-01-19,YEARLY,2,2025-01-24,bank_admin,batch_upload_invalid_test
CUST0109,ACC100109,BANK250,2044.76,MYR,2025-01-20,YEARLY,3,2025-01-25,bank_admin,batch_upload_invalid_test
CUST0110,ACC100110,BANK946,1805.26,MYR,2025-01-21,MONTHLY,2,2025-01-26,bank_admin,batch_upload_invalid_test
CUST0111,ACC100111,BANK449,4683.95,MYR,2025-01-22,YEARLY,6,2025-01-27,bank_admin,batch_upload_invalid_test
CUST0112,ACC100112,BANK305,2424.46,MYR,2025-01-23,WEEKLY,2,2025-01-28,bank_admin,batch_upload_invalid_test
CUST0113,ACC100113,BANK475,4578.29,MYR,2025-01-24,YEARLY,6,2025-01-29,bank_admin,batch_upload_invalid_test
CUST0114,ACC100114,BANK702,1133.56,MYR,2025-01-25,YEARLY,12,2025-01-30,bank_admin,batch_upload_invalid_test
CUST0115,ACC100115,BANK847,4490.53,MYR,2025-01-26,WEEKLY,1,2025-01-31,bank_admin,batch_upload_invalid_test
CUST0116,ACC100116,BANK964,3123.09,MYR,2025-01-27,MONTHLY,2,2025-02-01,bank_admin,batch_upload_invalid_test
CUST0117,ACC100117,BANK639,3288.24,MYR,2025-01-28,YEARLY,12,2025-02-02,bank_admin,batch_upload_invalid_test
CUST0118,ACC100118,BANK846,4574.96,MYR,2025-01-29,WEEKLY,3,2025-02-03,bank_admin,batch_upload_invalid_test
CUST0119,ACC100119,BANK374,2516.22,MYR,2025-01-30,WEEKLY,3,2025-02-04,bank_admin,batch_upload_invalid_test
CUST0120,ACC100120,BANK861,,MYR,2025-01-01,MONTHLY,12,2025-01-06,bank_admin,batch_upload_invalid_test
CUST0121,ACC100121,BANK619,893.1,MYR,2025-01-02,MONTHLY,2,2025-01-07,bank_admin,batch_upload_invalid_test
CUST0122,ACC100122,BANK765,1411.58,MYR,2025-01-03,MONTHLY,1,2025-01-08,bank_admin,batch_upload_invalid_test
CUST0123,ACC100123,BANK579,2313.81,MYR,2025-01-04,WEEKLY,6,2025-01-09,bank_admin,batch_upload_invalid_test
CUST0124,ACC100124,BANK647,1932.39,MYR,2025-01-05,YEARLY,3,2025-01-10,bank_admin,batch_upload_invalid_test
CUST0125,ACC100125,,,MYR,2025-01-06,WEEKLY,1,2025-01-11,bank_admin,batch_upload_invalid_test
CUST0126,ACC100126,BANK241,2271.43,MYR,2025-01-07,WEEKLY,6,2025-01-12,bank_admin,batch_upload_invalid_test
CUST0127,ACC100127,BANK697,2648.35,MYR,2025-01-08,YEARLY,3,2025-01-13,bank_admin,batch_upload_invalid_test
CUST0128,ACC100128,BANK134,4174.35,MYR,2025-01-09,YEARLY,12,2025-01-14,bank_admin,batch_upload_invalid_test
CUST0129,ACC100129,BANK530,4971.11,MYR,2025-01-10,WEEKLY,3,2025-01-15,bank_admin,batch_upload_invalid_test
CUST0130,ACC100130,BANK382,1597.45,MYR,2025-01-11,YEARLY,3,2025-01-16,bank_admin,batch_upload_invalid_test
CUST0131,ACC100131,BANK164,4594.37,MYR,2025-01-12,WEEKLY,3,2025-01-17,bank_admin,batch_upload_invalid_test
CUST0132,ACC100132,BANK349,1448.93,MYR,2025-01-13,MONTHLY,12,2025-01-18,bank_admin,batch_upload_invalid_test
CUST0133,ACC100133,BANK643,2310.46,MYR,2025-01-14,YEARLY,2,2025-01-19,bank_admin,batch_upload_invalid_test
CUST0134,ACC100134,BANK390,1430.81,MYR,2025-01-15,MONTHLY,2,2025-01-20,bank_admin,batch_upload_invalid_test
CUST0135,ACC100135,BANK906,2755.35,MYR,2025-01-16,WEEKLY,12,2025-01-21,bank_admin,batch_upload_invalid_test
CUST0136,ACC100136,BANK426,2796.04,MYR,2025-01-17,MONTHLY,6,2025-01-22,bank_admin,batch_upload_invalid_test
CUST0137,ACC100137,BANK572,3588.96,MYR,2025-01-18,YEARLY,12,2025-01-23,bank_admin,batch_upload_invalid_test
CUST0138,ACC100138,BANK238,3661.75,MYR,2025-01-19,YEARLY,2,2025-01-24,bank_admin,batch_upload_invalid_test
CUST0139,ACC100139,BANK209,650.73,MYR,2025-01-20,WEEKLY,2,2025-01-25,bank_admin,batch_upload_invalid_test
CUST0140,ACC100140,BANK478,2335.54,MYR,2025-01-21,WEEKLY,1,2025-01-26,bank_admin,batch_upload_invalid_test
CUST0141,ACC100141,BANK833,4603.53,MYR,2025-01-22,WEEKLY,2,2025-01-27,bank_admin,batch_upload_invalid_test
CUST0142,ACC100142,BANK957,903.32,MYR,2025-01-23,WEEKLY,12,2025-01-28,bank_admin,batch_upload_invalid_test
CUST0143,ACC100143,BANK565,3078.67,MYR,2025-01-24,MONTHLY,1,2025-01-29,bank_admin,batch_upload_invalid_test
CUST0144,ACC100144,BANK271,4554.22,MYR,2025-01-25,YEARLY,6,2025-01-30,bank_admin,batch_upload_invalid_test
CUST0145,ACC100145,BANK841,1848.1,MYR,2025-01-26,YEARLY,12,2025-01-31,bank_admin,batch_upload_invalid_test
CUST0146,ACC100146,BANK323,2508.07,MYR,2025-01-27,MONTHLY,3,2025-02-01,bank_admin,batch_upload_invalid_test
CUST0147,ACC100147,BANK249,185.71,MYR,2025-01-28,YEARLY,12,2025-02-02,bank_admin,batch_upload_invalid_test
CUST0148,ACC100148,BANK473,552.82,MYR,2025-01-29,MONTHLY,2,2025-02-03,bank_admin,batch_upload_invalid_test
CUST0149,ACC100149,BANK756,226.05,MYR,2025-01-30,MONTHLY,1,2025-02-04,bank_admin,batch_upload_invalid_test
CUST0150,ACC100150,,,MYR,2025-01-01,WEEKLY,3,2025-01-06,bank_admin,batch_upload_invalid_test
CUST0151,ACC100151,BANK228,3360.82,MYR,2025-01-02,MONTHLY,6,2025-01-07,bank_admin,batch_upload_invalid_test
CUST0152,ACC100152,BANK130,2299.54,MYR,2025-01-03,MONTHLY,3,2025-01-08,bank_admin,batch_upload_invalid_test
CUST0153,ACC100153,BANK976,718.36,MYR,2025-01-04,MONTHLY,3,2025-01-09,bank_admin,batch_upload_invalid_test
CUST0154,ACC100154,BANK206,4545.48,MYR,2025-01-05,MONTHLY,12,2025-01-10,bank_admin,batch_upload_invalid_test
CUST0155,ACC100155,BANK330,3773.0,MYR,2025-01-06,MONTHLY,12,2025-01-11,bank_admin,batch_upload_invalid_test
CUST0156,ACC100156,BANK444,3450.07,MYR,2025-01-07,YEARLY,2,2025-01-12,bank_admin,batch_upload_invalid_test
CUST0157,ACC100157,BANK633,2849.83,MYR,2025-01-08,MONTHLY,3,2025-01-13,bank_admin,batch_upload_invalid_test
CUST0158,ACC100158,BANK681,3440.52,MYR,2025-01-09,MONTHLY,3,2025-01-14,bank_admin,batch_upload_invalid_test
CUST0159,ACC100159,BANK515,3326.02,MYR,2025-01-10,MONTHLY,3,2025-01-15,bank_admin,batch_upload_invalid_test
CUST0160,ACC100160,BANK878,,MYR,2025-01-11,MONTHLY,3,2025-01-16,bank_admin,batch_upload_invalid_test
CUST0161,ACC100161,BANK242,3408.14,MYR,2025-01-12,YEARLY,12,2025-01-17,bank_admin,batch_upload_invalid_test
CUST0162,ACC100162,BANK967,3019.23,MYR,2025-01-13,YEARLY,1,2025-01-18,bank_admin,batch_upload_invalid_test
CUST0163,ACC100163,BANK984,1861.49,MYR,2025-01-14,WEEKLY,1,2025-01-19,bank_admin,batch_upload_invalid_test
CUST0164,ACC100164,BANK929,2639.74,MYR,2025-01-15,YEARLY,1,2025-01-20,bank_admin,batch_upload_invalid_test
CUST0165,ACC100165,BANK286,3240.98,MYR,2025-01-16,YEARLY,2,2025-01-21,bank_admin,batch_upload_invalid_test
CUST0166,ACC100166,BANK858,317.5,MYR,2025-01-17,YEARLY,6,2025-01-22,bank_admin,batch_upload_invalid_test
CUST0167,ACC100167,BANK815,1765.62,MYR,2025-01-18,YEARLY,12,2025-01-23,bank_admin,batch_upload_invalid_test
CUST0168,ACC100168,BANK221,668.32,MYR,2025-01-19,WEEKLY,3,2025-01-24,bank_admin,batch_upload_invalid_test
CUST0169,ACC100169,BANK750,1127.33,MYR,2025-01-20,YEARLY,1,2025-01-25,bank_admin,batch_upload_invalid_test
CUST0170,ACC100170,BANK149,3935.71,MYR,2025-01-21,WEEKLY,3,2025-01-26,bank_admin,batch_upload_invalid_test
CUST0171,ACC100171,BANK287,367.06,MYR,2025-01-22,YEARLY,12,2025-01-27,bank_admin,batch_upload_invalid_test
CUST0172,ACC100172,BANK445,1788.61,MYR,2025-01-23,MONTHLY,1,2025-01-28,bank_admin,batch_upload_invalid_test
CUST0173,ACC100173,BANK820,4930.74,MYR,2025-01-24,YEARLY,2,2025-01-29,bank_admin,batch_upload_invalid_test
CUST0174,ACC100174,BANK166,3315.08,MYR,2025-01-25,YEARLY,2,2025-01-30,bank_admin,batch_upload_invalid_test
CUST0175,ACC100175,,,MYR,2025-01-26,WEEKLY,2,2025-01-31,bank_admin,batch_upload_invalid_test
CUST0176,ACC100176,BANK226,3285.91,MYR,2025-01-27,MONTHLY,1,2025-02-01,bank_admin,batch_upload_invalid_test
CUST0177,ACC100177,BANK859,1694.26,MYR,2025-01-28,YEARLY,1,2025-02-02,bank_admin,batch_upload_invalid_test
CUST0178,ACC100178,BANK434,4438.76,MYR,2025-01-29,YEARLY,1,2025-02-03,bank_admin,batch_upload_invalid_test
CUST0179,ACC100179,BANK317,3478.95,MYR,2025-01-30,WEEKLY,6,2025-02-04,bank_admin,batch_upload_invalid_test
CUST0180,ACC100180,BANK678,3521.24,MYR,2025-01-01,YEARLY,2,2025-01-06,bank_admin,batch_upload_invalid_test
CUST0181,ACC100181,BANK101,3637.27,MYR,2025-01-02,YEARLY,1,2025-01-07,bank_admin,batch_upload_invalid_test
CUST0182,ACC100182,BANK152,1206.98,MYR,2025-01-03,MONTHLY,12,2025-01-08,bank_admin,batch_upload_invalid_test
CUST0183,ACC100183,BANK911,2931.05,MYR,2025-01-04,MONTHLY,12,2025-01-09,bank_admin,batch_upload_invalid_test
CUST0184,ACC100184,BANK743,4930.77,MYR,2025-01-05,MONTHLY,6,2025-01-10,bank_admin,batch_upload_invalid_test
CUST0185,ACC100185,BANK755,4243.04,MYR,2025-01-06,WEEKLY,1,2025-01-11,bank_admin,batch_upload_invalid_test
CUST0186,ACC100186,BANK410,4618.98,MYR,2025-01-07,MONTHLY,6,2025-01-12,bank_admin,batch_upload_invalid_test
CUST0187,ACC100187,BANK476,678.22,MYR,2025-01-08,YEARLY,12,2025-01-13,bank_admin,batch_upload_invalid_test
CUST0188,ACC100188,BANK791,4582.44,MYR,2025-01-09,MONTHLY,3,2025-01-14,bank_admin,batch_upload_invalid_test
CUST0189,ACC100189,BANK324,2001.86,MYR,2025-01-10,WEEKLY,12,2025-01-15,bank_admin,batch_upload_invalid_test
CUST0190,ACC100190,BANK957,791.78,MYR,2025-01-11,MONTHLY,3,2025-01-16,bank_admin,batch_upload_invalid_test
CUST0191,ACC100191,BANK325,3402.89,MYR,2025-01-12,YEARLY,6,2025-01-17,bank_admin,batch_upload_invalid_test
CUST0192,ACC100192,BANK346,2820.79,MYR,2025-01-13,MONTHLY,12,2025-01-18,bank_admin,batch_upload_invalid_test
CUST0193,ACC100193,BANK268,337.06,MYR,2025-01-14,YEARLY,12,2025-01-19,bank_admin,batch_upload_invalid_test
CUST0194,ACC100194,BANK648,1733.61,MYR,2025-01-15,MONTHLY,3,2025-01-20,bank_admin,batch_upload_invalid_test
CUST0195,ACC100195,BANK913,4991.52,MYR,2025-01-16,WEEKLY,3,2025-01-21,bank_admin,batch_upload_invalid_test
CUST0196,ACC100196,BANK770,3088.09,MYR,2025-01-17,YEARLY,2,2025-01-22,bank_admin,batch_upload_invalid_test
CUST0197,ACC100197,BANK277,1599.92,MYR,2025-01-18,WEEKLY,3,2025-01-23,bank_admin,batch_upload_invalid_test
CUST0198,ACC100198,BANK379,1935.68,MYR,2025-01-19,YEARLY,6,2025-01-24,bank_admin,batch_upload_invalid_test
CUST0199,ACC100199,BANK726,4367.02,MYR,2025-01-20,WEEKLY,2,2025-01-25,bank_admin,batch_upload_invalid_test
CUST0200,ACC100200,,,MYR,2025-01-21,YEARLY,3,2025-01-26,bank_admin,batch_upload_invalid_test
